id,facility_url,facility_scraped_at,facility_name,facility_description,facility_address,facility_longitude,facility_latitude,facility_notifications_html,facility_special_hours_html
1,https://ottawa.ca/en/recreation-and-parks/facilities/place-listing/albion-heatherington-recreation-centre,2025-09-21T00:03:28Z,Albion-Heatherington Recreation Centre,"The Albion-Heatherington Recreation Centre is a moderately-sized facility featuring a large gym that can be rented for up to 200 persons for sports, meetings and parties. Our multi-purpose room accommodates up to 60 people and several smaller rooms are available for meetings. Vision Weave, a set of colourful woven banners, is on display at the customer service desk.","1560 Heatherington Road, Ottawa ON K1V 9P5, Canada",-75.64749145507812,45.373634338378906,,<ul> <li> <p><strong><span><span><span><span>August 30 to September 12</span></span></span></span></strong></p> <ul> <li> <p><span><span><span><span><span>Please note that all rentals will continue as scheduled during this time.</span></span></span></span></span></p> </li> </ul> </li> </ul> 
2,https://ottawa.ca/en/recreation-and-parks/facilities/place-listing/alexander-community-centre,2025-09-21T00:03:30Z,Alexander Community Centre,"The Alexander Community Centre offers a wide range of programs for children, youth and adults. We offer a variety of rooms to rent, each with a 46 inch flat screen television and surround sound system. Our spacious main hall seats 100 and has an attached kitchen.","960 Silver Street, Ottawa ON K1Z 6H5, Canada",-75.73223876953125,45.37975311279297,,
3,https://ottawa.ca/en/recreation-and-parks/facilities/place-listing/alfred-taylor-recreation-centre,2025-09-21T00:03:32Z,Alfred Taylor Recreation Centre,,"2300 Community Way, Ottawa ON K0A 2T0, Canada",-75.71040344238281,45.13072204589844,,"<p>Please contact <a href=""mailto:ngra@hotmail.ca"">ngra@hotmail.ca</a> for opening hours and washroom availability.</p> "
4,https://ottawa.ca/en/recreation-and-parks/facilities/place-listing/aquaview-community-hall,2025-09-21T00:03:33Z,Aquaview Community Hall,,"318 Aquaview Drive, Ottawa ON K4A 0B5, Canada",-75.4778060913086,45.45354461669922,,<p>Please contact the facility by phone or email for information on opening hours and washroom availability.</p> 
5,https://ottawa.ca/en/recreation-and-parks/facilities/place-listing/bayshore-community-building,2025-09-21T00:03:37Z,Bayshore Community Building,The Bayshore Community Building is steps away from the Sens rink and Bayshore Park.,"175 Woodridge Crescent, Ottawa ON K2B 7T2, Canada",-75.80909729003906,45.350303649902344,,
6,https://ottawa.ca/en/recreation-and-parks/facilities/place-listing/beacon-hill-north-community-centre,2025-09-21T00:03:38Z,Beacon Hill North Community Centre,"Whether you and your family are looking for dance lessons, enhance your musical ability, need after school programming or looking to get back into shape, the Beacon Hill North Community Centre is the perfect place for all of your recreational needs.","2130 Radford Court, Ottawa ON K1J 6Z6, Canada",-75.59925842285156,45.459022521972656,,<p>Please contact the facility by phone or email for information on opening hours and washroom availability.</p> 
7,https://ottawa.ca/en/recreation-and-parks/facilities/place-listing/bearbrook-community-building,2025-09-21T00:03:41Z,Bearbrook Community Building,,"8720 Russell Road, Ottawa ON K0A 3H0, Canada",-75.33676147460938,45.38374328613281,,<p>Please contact the facility by phone or email for information on opening hours and washroom availability.</p> 
8,https://ottawa.ca/en/recreation-and-parks/facilities/place-listing/bearbrook-pool,2025-09-21T00:03:42Z,Bearbrook Pool,,"2679 Innes Road, Ottawa ON K1B 3J7, Canada",-75.56424713134766,45.43440246582031,,<p><strong>Closed for the season. </strong></p> 
9,https://ottawa.ca/en/recreation-and-parks/facilities/place-listing/beaverbrook-pool-kanata,2025-09-21T00:03:45Z,Beaverbrook Pool - Kanata,,"1002 Beaverbrook Lane, Ottawa ON K2K 1L1, Canada",-75.90061950683594,45.32883834838867,,<p><strong>Closed for the season. </strong></p> 
10,https://ottawa.ca/en/recreation-and-parks/facilities/place-listing/bell-centennial-arena,2025-09-21T00:03:48Z,Bell Centennial Arena,,"50 Cassidy Road, Ottawa ON K2H 6N4, Canada",-75.8099136352539,45.32478332519531,,
11,https://ottawa.ca/en/recreation-and-parks/facilities/place-listing/belltown-dome,2025-09-21T00:03:49Z,Belltown Dome,Belltown Dome is a covered natural ice pad located in the Britannia area of Bay Ward. In the winter residents can enjoy ice skating and ice sports. In the summer the arena is used for other sports such as ball hockey and lacrosse. Schedules are posted below. Ice conditions are weather dependent. Watch this page for updates about closures during the winter months when fluctuating temperatures impact ice conditions. Belltown Dome is available to rent. See the Rentals section below.,"2915 Haughton Avenue, Ottawa ON K2B 6Z4, Canada",-75.80378723144531,45.35993957519531,,<p><strong>The facility is closed for the season.</strong></p> 
12,https://ottawa.ca/en/recreation-and-parks/facilities/place-listing/ben-franklin-place,2025-09-21T00:03:50Z,Ben Franklin Place,,"101 Centrepointe Drive, Ottawa ON K2G 5K7, Canada",-75.76254272460938,45.34445571899414,,
13,https://ottawa.ca/en/recreation-and-parks/facilities/place-listing/ben-franklin-place-rink,2025-09-21T00:03:53Z,Ben Franklin Place rink,,"101 Centrepointe Drive, Ottawa ON K2G 0B5, Canada",-75.76254272460938,45.34445571899414,,
14,https://ottawa.ca/en/recreation-and-parks/facilities/place-listing/bernard-grandmaitre-arena,2025-09-21T00:03:55Z,Bernard Grandmaître Arena,,"309 McArthur Road, Ottawa ON K1L 6P1, Canada",-75.65532684326172,45.4329833984375,,
15,https://ottawa.ca/en/recreation-and-parks/facilities/place-listing/billings-estate-national-historic-site,2025-09-21T00:03:56Z,Billings Estate National Historic Site,,"2100 Cabot Street, Ottawa ON K1H 6K1, Canada",-75.67292022705078,45.389041900634766,,
16,https://ottawa.ca/en/recreation-and-parks/facilities/place-listing/bob-macquarrie-recreation-complex-orleans,2025-09-21T00:03:58Z,Bob MacQuarrie Recreation Complex - Orléans,"This multipurpose facility provides users with a wide selection of services and amenities including a six-lane pool, diving boards and therapeutic pool. The complex also houses the Elizabeth Manley Figure Skating Arena, the Roger Sénécal Arena, squash and racquetball courts and a fitness centre. A variety of recreation programs are offered including fitness, fitness classes, summer camps, indoor cycling, aqua fitness, swimming lessons and general interest programs.","1490 Youville Drive, Ottawa ON K1C 2X8, Canada",-75.54502868652344,45.46638870239258,,<ul> <li> <ul> 	</ul> <p>	<strong>August 25 to September 21</strong></p> <ul> <li>The pool is closed for annual maintenance. <ul> 		</ul> </li> </ul> </li> </ul> 
17,https://ottawa.ca/en/recreation-and-parks/facilities/place-listing/brewer-pool-and-arena,2025-09-21T00:04:01Z,Brewer Pool and Arena,"Brewer Pool boasts a 25 metre, six lane pool with a sauna. There is a small lounge available for rent. The arena has one ice surface and the area is home to the outdoor ice oval in winter, weather permitting.","100 Brewer Way, Ottawa ON K1S 5T1, Canada",-75.68868255615234,45.386802673339844,,
18,https://ottawa.ca/en/recreation-and-parks/facilities/place-listing/bridlewood-community-centre,2025-09-21T00:04:03Z,Bridlewood Community Centre,Located inside Bridlewood Elementary School. Our facility includes a full sized gym and a community room.,"63 Bluegrass Drive, Ottawa ON K2M 1G2, Canada",-75.86204528808594,45.284793853759766,,<p>Please contact the facility by phone or email for information on opening hours and washroom availability.</p> 
19,https://ottawa.ca/en/recreation-and-parks/facilities/place-listing/canterbury-recreation-complex,2025-09-21T00:04:04Z,Canterbury Recreation Complex,"The Canterbury Recreation Complex is the ideal place to meet your recreational needs. The facility boasts a 25 metre five lane swimming pool with sauna, an NHL sized ice rink in the Brian Kilrea Arena and the Canterbury Community Centre. Our pool offers a wide selection of aquatic programs including public swims, aquafitness and swimming lessons. Canterbury Recreation Complex offers a variety of programs for all ages. Through a partnership with the Canterbury Community Association, children's and adult programs are also available to the Canterbury community. These programs include: an after school program, adult and senior fitness programs, as well as art, dance, martial arts and yoga programs for all ages.","2185 Arch Street, Ottawa ON K1G 2H5, Canada",-75.62893676757812,45.390377044677734,,<p>Construction will be taking place along the east and north access to the parking lot.</p> 
20,https://ottawa.ca/en/recreation-and-parks/facilities/place-listing/cardelrec-recreation-complex-goulbourn,2025-09-21T00:04:06Z,CARDELREC Recreation Complex Goulbourn,,"1500 Shea Road, Ottawa ON K2S 0B2, Canada",-75.90750122070312,45.2631950378418,,
21,https://ottawa.ca/en/recreation-and-parks/facilities/place-listing/carleton-heights-community-centre,2025-09-21T00:04:08Z,Carleton Heights Community Centre,"Located in the heart of the community! We offer a wide selection of recreation activities for preschoolers, children, adults and older adults. Our programs include morning preschool, play groups, camps, fitness, sports, arts and much more. We also feature various halls for rent.","1665 Apeldoorn Avenue, Ottawa ON K2C 1V6, Canada",-75.70226287841797,45.3593635559082,,
22,https://ottawa.ca/en/recreation-and-parks/facilities/place-listing/carlington-recreation-centre,2025-09-21T00:04:11Z,Carlington Recreation Centre,,"1520 Caldwell Avenue, Ottawa ON K1Z 8H5, Canada",-75.73957824707031,45.37226104736328,,<p>Please contact the facility by phone for information on opening hours and washroom availability.</p> 
23,https://ottawa.ca/en/recreation-and-parks/facilities/place-listing/champagne-fitness-centre,2025-09-21T00:04:13Z,Champagne Fitness Centre,"The Champagne Fitness Centre is situated in a historic downtown building just a stone’s throw away from the ByWard Market. The facility houses a 22.86 metre (25 yards) four lane pool, weight and cardio rooms, sauna, and a mezzanine above the pool where the boxing programs are held. A large tile mural, Bathing in Champagne, is featured in the pool area.","321 King Edward Avenue, Ottawa ON K1N 7M5, Canada",-75.68658447265625,45.43072509765625,,
24,https://ottawa.ca/en/recreation-and-parks/facilities/place-listing/chapman-mills-community-building,2025-09-21T00:04:15Z,Chapman Mills Community Building,"The Chapman Mills Community Building is in the heart of this Barrhaven neighbourhood. The building features a bright half-moon shaped main hall, a small kitchenette and 14 parking spaces, making it a popular spot for private rentals. City recreation programs and camps are offered at this location. Water Dragon Park, which features a children's play structure, splash pad and gazebo, is adjacent to the building.","424 Chapman Mills Drive, Ottawa ON K2J 0M7, Canada",-75.72203826904297,45.27193069458008,,"<p>Please contact <a href=""mailto:rideauview@ottawa.ca"">rideauview@ottawa.ca</a> for opening hours and washroom availability.</p> "
25,https://ottawa.ca/en/recreation-and-parks/facilities/place-listing/charlie-conacher-community-building,2025-09-21T00:04:16Z,Charlie Conacher Community Building,"Charlie Conacher Community building offers City recreation programs, summer camps and is available for private rentals. It is located beside a children's play structure and large green space.","30 Wessex Road, Ottawa ON K2J 2E7, Canada",-75.75180053710938,45.27306365966797,,<p>Please contact the facility by email for information on opening hours and washroom availability.</p> 
26,https://ottawa.ca/en/recreation-and-parks/facilities/place-listing/churchill-seniors-centre,2025-09-21T00:04:22Z,Churchill Seniors Centre,"The centre offers a wide range of recreation programs for adults aged 50 and over. Programs include a variety of fitness classes you can register for, from Strength and Balance to yoga and even line dancing. Drop-in programs are available for those looking to play bridge or wanting to sing and play a ukulele. The facility has a programmed fitness centre, billiards equipment and a lounge.","345 Richmond Road, Ottawa ON K2A 0E7, Canada",-75.75440979003906,45.39244079589844,,
27,https://ottawa.ca/en/recreation-and-parks/facilities/place-listing/constance-and-buckhams-bay-community-centre,2025-09-21T00:04:23Z,Constance and Buckham's Bay Community Centre,,"262 Len Purcell Drive, Woodlawn ON K0A 3M0, Canada",-76.08792877197266,45.49701690673828,,
28,https://ottawa.ca/en/recreation-and-parks/facilities/place-listing/corkstown-pool,2025-09-21T00:04:25Z,Corkstown Pool,,"61 Corkstown Road, Ottawa ON K3H 5B3, Canada",-75.82757568359375,45.34600830078125,,<p><strong>Closed for the season. </strong></p> 
29,https://ottawa.ca/en/recreation-and-parks/facilities/place-listing/crestview-pool,2025-09-21T00:04:27Z,Crestview Pool,,"56 Fieldrow Street, Ottawa ON K2G 2Y7, Canada",-75.7401351928711,45.34421157836914,,<p><strong>Closed for the season.</strong></p> 
30,https://ottawa.ca/en/recreation-and-parks/facilities/place-listing/cumberland-heritage-village-museum,2025-09-21T00:04:31Z,Cumberland Heritage Village Museum,,"2940 Old Montreal Road, Cumberland ON K4C 1G3, Canada",-75.3878402709961,45.51332473754883,,
31,https://ottawa.ca/en/recreation-and-parks/facilities/place-listing/deborah-anne-kirwan-pool,2025-09-21T00:04:31Z,Deborah Anne Kirwan Pool,"Deborah Anne Kirwan Pool is your tropical oasis in south Ottawa. With a leisure concept 25 metre main pool, wading pool with slide, whirl pool and sauna, there is something for everyone. Group swimming lessons for all ages, private lessons, March Break and summer camps are offered along with public swims. A variety of recreation programs are offered including swimming lessons for children, youth, adults and seniors.","1300 Kitchener Avenue, Ottawa ON K1V 6W2, Canada",-75.65727996826172,45.36748123168945,,
32,https://ottawa.ca/en/recreation-and-parks/facilities/place-listing/dempsey-community-centre,2025-09-21T00:04:34Z,Dempsey Community Centre,"The Dempsey Community Centre has a full-sized gym, perfect for drop-in programs and rentals. The Centre also offers rooms for meeting space.","1895 Russell Road, Ottawa ON K1G 0N1, Canada",-75.62581634521484,45.40250015258789,,
33,https://ottawa.ca/en/recreation-and-parks/facilities/place-listing/diane-deans-greenboro-community-centre,2025-09-21T00:04:35Z,Diane Deans Greenboro Community Centre,"Snuggled in the heart of the Greenboro/South Keys district, the Diane Deans Greenboro Community Centre opens its doors to welcome all. We offer a wide variety of recreation programs for all ages, stages and interests. There is a state of the art fitness studio, cardio and weight room, group cycling studio, dance and yoga studio, a full sized gymnasium ideal for sports and a variety of multi-purpose rooms. Consider renting our spaces for birthday parties, meetings, sports leagues, and much more. You will also find the Greenboro District Library located within the facility. Outside, just across Lorry Greenberg Drive, there are public tennis courts and walking trails and out back is a large park with more walking trails, sports fields, an amazing play structure, and wading pool. Greenboro Community Centre; it's a great place to be.","363 Lorry Greenberg Drive, Ottawa ON K1T 3P8, Canada",-75.63610076904297,45.36341857910156,,
34,https://ottawa.ca/en/recreation-and-parks/facilities/place-listing/dovercourt-recreation-centre,2025-09-21T00:04:37Z,Dovercourt Recreation Centre,"Dovercourt Recreation Association is a not for profit charitable organization (Registered Charity No. 11944 4263 RR0001) dedicated to enhancing the quality of life in our community through recreation programs. In 1983, the City of Ottawa began work on the planning of a new community centre to replace the Westboro Community Centre. Dovercourt Recreation Association was actively involved in the process, and when the new centre opened in 1987, Dovercourt was given the responsibility of managing the new centre through a service agreement. While we are part of the City of Ottawa’s recreation system, Dovercourt Recreation Association is empowered to choose what programs it runs to meet the community’s needs, and how those programs are delivered. Our motto is ""A Community Working For the Community, Une communauté qui travaille pour la communauté"". Staff, volunteers, clients, local community groups and businesses working together…that’s Dovercourt.","411 Dovercourt Avenue, Ottawa ON K2A 0S9, Canada",-75.75353240966797,45.383609771728516,,<p>Please contact the facility by phone for information on opening hours and washroom availability.</p> 
35,https://ottawa.ca/en/recreation-and-parks/facilities/place-listing/earl-armstrong-arena,2025-09-21T00:04:41Z,Earl Armstrong Arena,,"2020 Ogilvie Road, Ottawa ON K1J 7N8, Canada",-75.60140228271484,45.437625885009766,,
36,https://ottawa.ca/en/recreation-and-parks/facilities/place-listing/entrance-pool,2025-09-21T00:04:42Z,Entrance Pool,,"2 Eaton Street, Ottawa ON K2H 9P1, Canada",-75.81708526611328,45.32611846923828,,<p><strong>Closed for the season.</strong></p> 
37,https://ottawa.ca/en/recreation-and-parks/facilities/place-listing/eva-james-memorial-community-centre,2025-09-21T00:04:44Z,Eva James Memorial Community Centre,"Eva James Memorial Centre is a bright, modern building offering a variety of recreation programs for all ages. Programs include fitness, sports, dance, preschool play, and arts. This facility is an ideal rental opportunity for your meeting or gathering.","65 Stonehaven Drive, Ottawa ON K2M 2Y2, Canada",-75.8543472290039,45.28884506225586,,
38,https://ottawa.ca/en/recreation-and-parks/facilities/place-listing/fairfields-heritage-house,2025-09-21T00:04:46Z,Fairfields Heritage House,,"3080 Richmond Road, Ottawa ON K2B 7J5, Canada",-75.8019027709961,45.34878158569336,,"<p class=""MsoNormal""><span lang=""EN-CA"">Fairfields Heritage House is open to visitors seasonally during the summer and offers special programs and events year-round. </span></p> <p class=""MsoNormal""><strong><span lang=""EN-CA"">Summer season</span></strong><br/> <span lang=""EN-CA"">July 5 – August 31, 2025<br/> Saturdays and Sundays from 10 am to 5 pm</span></p> "
39,https://ottawa.ca/en/recreation-and-parks/facilities/place-listing/fallingbrook-community-centre,2025-09-21T00:04:47Z,Fallingbrook Community Centre,,"679 Deancourt Crescent, Ottawa ON K4A 3E1, Canada",-75.48638916015625,45.48137664794922,,
40,https://ottawa.ca/en/recreation-and-parks/facilities/place-listing/fisher-park-community-centre,2025-09-21T00:04:49Z,Fisher Park Community Centre,"Located inside of Fisher Park Public School, the Fisher Park Community Centre boasts all the amenities of a high school. Our facility includes a full sized gym, a small gym, and numerous classrooms. Fisher Park is the ideal location for sports, dance classes, meetings, and activities for all ages.","250 Holland Avenue, Ottawa ON K1Y 0Y5, Canada",-75.7310791015625,45.396121978759766,,<p>Please contact the facility by phone or email for information on opening hours and washroom availability.</p> 
41,https://ottawa.ca/en/recreation-and-parks/facilities/place-listing/foster-farm-community-centre,2025-09-21T00:04:51Z,Foster Farm Community Centre,"Foster Farm Community Centre has a new look and some new programs for the entire family. We have freshly painted meeting rooms and a commercial kitchen to host great events, receptions, parties or even community meetings! Come and check out the 'new' Foster Farm for yourself.","1065 Ramsey Crescent, Ottawa ON K2B 8A1, Canada",-75.79441833496094,45.3497428894043,,
42,https://ottawa.ca/en/recreation-and-parks/facilities/place-listing/francois-dupuis-recreation-centre,2025-09-21T00:04:53Z,François Dupuis Recreation Centre,"François Dupuis Recreation Centre is a one stop shop for all your fitness needs. We have two beautiful pools: a 25-metre 6 lane pool and a leisure pool, both with ramp entry for easy access plus a dry sauna. Jennifer Stead's artwork, Water, runs along the pool viewing area. Check out our Fitness and Cardio centre equipped with the latest technology, including a NuStep machine. We offer a variety of programs for everyone in the family in our three multipurpose rooms.","2263 Portobello Boulevard, Ottawa ON K4A 0X3, Canada",-75.46414184570312,45.45423889160156,,<p>The rock wall is closed for annual maintenance until further notice.</p> 
43,https://ottawa.ca/en/recreation-and-parks/facilities/place-listing/fred-barrett-arena,2025-09-21T00:04:55Z,Fred Barrett Arena,,"3280 Leitrim Road, Ottawa ON K1T 3Z4, Canada",-75.59791564941406,45.33111572265625,,
44,https://ottawa.ca/en/recreation-and-parks/facilities/place-listing/general-burns-pool,2025-09-21T00:04:58Z,General Burns Pool,,"107 Chesterton Drive, Ottawa ON K2E 5T6, Canada",-75.72027587890625,45.352317810058594,,<p><strong>The pool is open until October 3. </strong></p> 
45,https://ottawa.ca/en/recreation-and-parks/facilities/place-listing/genest-pool,2025-09-21T00:05:00Z,Genest Pool,,"43 Ste-Cécile Street, Ottawa ON K1L 5L7, Canada",-75.66944885253906,45.44195556640625,,<p><strong>Closed for the season.</strong></p> 
46,https://ottawa.ca/en/recreation-and-parks/facilities/place-listing/glebe-community-centre,2025-09-21T00:05:02Z,Glebe Community Centre,"The historic Glebe Community Centre is the perfect location to host meetings, workshops, concerts, weddings, receptions and special events. Our recently renovated, fully accessible, air conditioned facility has a variety of amenities which includes a dance/fitness studio, meeting rooms, pottery studio, and our large domed room, Scotton Hall. Through a partnership with the Glebe Neighbourhood Activities Group the Glebe Community Centre offers a variety of activities for all ages.","175 Third Avenue, Ottawa ON K1S 2K2, Canada",-75.6916275024414,45.402103424072266,,<p>Please contact the facility by phone or email for information on opening hours and washroom availability.</p> 
47,https://ottawa.ca/en/recreation-and-parks/facilities/place-listing/glen-cairn-community-centre,2025-09-21T00:05:04Z,Glen Cairn Community Centre,,"186 Morrena Road, Ottawa ON K2L 1E1, Canada",-75.88539123535156,45.29609680175781,,<p>Please contact the facility by phone for information on opening hours and washroom availability.</p> 
48,https://ottawa.ca/en/recreation-and-parks/facilities/place-listing/glen-cairn-pool,2025-09-21T00:05:06Z,Glen Cairn Pool,,"70 Castlefrank Road, Ottawa ON K2L 2N5, Canada",-75.88439178466797,45.295162200927734,,<p><strong>Closed for the season.</strong></p> 
49,https://ottawa.ca/en/recreation-and-parks/facilities/place-listing/greely-community-centre,2025-09-21T00:05:07Z,Greely Community Centre,,"1448 Meadow Drive, Greely ON K4P 1B1, Canada",-75.55720520019531,45.26081466674805,,
50,https://ottawa.ca/en/recreation-and-parks/facilities/place-listing/heron-road-community-centre,2025-09-21T00:05:10Z,Heron Road Community Centre,"Heron Road Community Centre and Heron Seniors' Centre are located in the heart of the community. We offer a wide selection of recreational activities for preschoolers to older adults with dance classes, piano lessons, summer camps, sports, martial arts and fitness classes. Our centre features a full gymnasium, weight and cardio room, several multi-purpose rooms, a kitchen, a state-of-the-art theatre, and plenty of on-site parking. Floor 3 of the centre features an 18 foot long curved mural, Home Is Where the Heart Is.","1480 Heron Road, Ottawa ON K1V 6A5, Canada",-75.65393829345703,45.37895965576172,,<ul> <li><strong>The cardio and weight room is closed.</strong></li> </ul> <p>We are diligently working to bring our programs and services back to the Heron Road Community Centre. Thank you for your patience as we progress through this transition.</p> 
51,https://ottawa.ca/en/recreation-and-parks/facilities/place-listing/heron-seniors-centre,2025-09-21T00:05:14Z,Heron Seniors Centre,"Whether you wish to keep in shape, learn a new skill or develop a talent, the Heron Seniors’ Centre has a variety of recreational programs designed to suit an active adult lifestyle. A professional team of instructors makes the centre a popular destination for retired or pre-retired adults.","1480 Heron Road, Ottawa ON K1V 6A5, Canada",-75.65393829345703,45.37895965576172,,<ul> <li><span><strong>The cardio and weight room is closed.</strong></span></li> </ul> <p><span>We are diligently working to bring our programs and services back to the Heron Road Community Centre. Thank you for your patience as we progress through this transition.</span></p> 
52,https://ottawa.ca/en/recreation-and-parks/facilities/place-listing/hintonburg-community-centre,2025-09-21T00:05:15Z,Hintonburg Community Centre,"The Hintonburg Community Centre features a full size gym, a dance studio, and eight multi-purpose and meeting rooms that are ideal for events or meetings up to 125 people. The centre offers a wide range of recreational activities and programs for people of all ages. The centre is also accessible and offers a number of specialized programs for people with disabilities.","1064 Wellington Street West, Ottawa ON K1Y 2Y3, Canada",-75.72425079345703,45.403472900390625,,
53,https://ottawa.ca/en/recreation-and-parks/facilities/place-listing/howard-darwin-centennial-arena,2025-09-21T00:05:18Z,Howard Darwin Centennial Arena,,"1765 Merivale Road, Ottawa ON K2G 1E1, Canada",-75.72744750976562,45.34152603149414,,
54,https://ottawa.ca/en/recreation-and-parks/facilities/place-listing/hunt-club-riverside-park-community-centre,2025-09-21T00:05:20Z,Hunt Club-Riverside Park Community Centre,"Located in the centre of the community, we offer a wide selection of recreation activities. There are programs for all ages from preschoolers to seniors with arts and crafts, dance classes, language lessons and fitness programs just to name a few. The Centre features a full gymnasium, weight room, four multipurpose rooms, a kitchen and onsite parking. It also hosts an Ottawa Public Library kiosk and the Hunt Club-Riverside Community Services Centre. Outdoor space includes play structures, a basketball court, baseball diamond, two soccer fields and a rink.","3320 Paul Anka Drive, Ottawa ON K1V 0J9, Canada",-75.6743392944336,45.35177993774414,,
55,https://ottawa.ca/en/recreation-and-parks/facilities/place-listing/ja-dulude-arena,2025-09-21T00:05:22Z,J.A. Dulude Arena,,"941 Clyde Avenue, Ottawa ON K2C 4B2, Canada",-75.74559783935547,45.37484359741211,,
56,https://ottawa.ca/en/recreation-and-parks/facilities/place-listing/jack-charron-arena,2025-09-21T00:05:23Z,Jack Charron Arena,,"10 McKitrick Drive, Ottawa ON K2L 1T7, Canada",-75.8838119506836,45.2935905456543,,<p>Please contact the facility by email for information on opening hours and washroom availability.</p> 
57,https://ottawa.ca/en/recreation-and-parks/facilities/place-listing/jack-purcell-community-centre,2025-09-21T00:05:26Z,Jack Purcell Community Centre,"Centrally located in downtown Ottawa, Jack Purcell Community Centre has an 18 metre warm water pool, which offers regular aquatic programming and specialized programs for individuals with disabilities. The facility also has a fully accessible weight room, five meeting rooms of various sizes and access to an adjacent school gym. Jack Purcell offers a variety of programs for seniors, individuals with disabilities, and swimmers. Through a partnership with the Jack Purcell Recreation Association, children's and adult programs are also available to the Centretown community. These programs include: an after school program, children's camps, an adult fitness program, and adult art, dance, yoga, and sports programs.","320 Jack Purcell Lane, Ottawa ON K2P 2J5, Canada",-75.6893081665039,45.41522216796875,,
58,https://ottawa.ca/en/recreation-and-parks/facilities/place-listing/jim-durrell-recreation-centre,2025-09-21T00:05:27Z,Jim Durrell Recreation Centre,"A great place to stay active, the Jim Durrell Recreation Centre offers a wide selection of programs including various hockey, ringette, sledge hockey, figure skating and is home of the Ottawa Junior Senators. Amenities include a Pro Shop, and a Canteen. With two NHL sized ice surfaces in the Walkley Arena and the Jim Peplinski Arena, we are ideal for tournaments. We offer skating and hockey lessons, public skating, and summer hockey camps. Rooms available for rent include: Ellwood Hall (special events, weddings, meetings or banquets) and Bill Thompson Board Room (small meetings).","1265 Walkley Road, Ottawa ON K1V 6P9, Canada",-75.65846252441406,45.37312698364258,,
59,https://ottawa.ca/en/recreation-and-parks/facilities/place-listing/jim-tubman-chevrolet-rink,2025-09-21T00:05:29Z,Jim Tubman Chevrolet Rink,,"2185 Arch Street, Ottawa ON K1G 2H5, Canada",-75.62893676757812,45.390377044677734,,
60,https://ottawa.ca/en/recreation-and-parks/facilities/place-listing/john-g-mlacak-centre,2025-09-21T00:05:32Z,John G. Mlacak Centre,"John G Mlacak includes recreation program space, the Kanata Seniors Centre, arena and library. This is an ideal location to rent for meetings, gatherings or social events.","2500 Campeau Drive, Ottawa ON K2K 2W3, Canada",-75.89716339111328,45.32096862792969,,
61,https://ottawa.ca/en/recreation-and-parks/facilities/place-listing/johnny-leroux-stittsville-community-arena,2025-09-21T00:05:34Z,Johnny Leroux Stittsville Community Arena,,"10 Warner-Colpitts Lane, Ottawa ON K2H 6N4, Canada",-75.92729187011719,45.26046371459961,,<p>Please contact the facility by email for information on opening hours and washroom availability.</p> <p><strong>Public skating is not available at this location.</strong></p> 
62,https://ottawa.ca/en/recreation-and-parks/facilities/place-listing/kanata-leisure-centre-and-wave-pool,2025-09-21T00:05:35Z,Kanata Leisure Centre and Wave Pool,,"70 Aird Place, Ottawa ON K2L 4C9, Canada",-75.89910888671875,45.31159973144531,,
63,https://ottawa.ca/en/recreation-and-parks/facilities/place-listing/kanata-seniors-centre,2025-09-21T00:05:38Z,Kanata Seniors Centre,"The Kanata Seniors’ Centre offers a wide range of recreation programs for adults aged 50 and over. Access to our services is through membership or program registration. We are located at the rear of the John Mlacak Centre, which also includes an ice surface, Beaverbrook Library and the Kanata Civic Art Gallery. There is a convenient drop-off spot directly in front of the main entrance and parking lot to the side.","2500 Campeau Drive, Ottawa ON K2K 2W3, Canada",-75.89716339111328,45.32096862792969,,
64,https://ottawa.ca/en/recreation-and-parks/facilities/place-listing/kars-recreation-hall,2025-09-21T00:05:40Z,Kars Recreation Hall,,"1606 Old Wellington Street, Ottawa ON K0A 2E0, Canada",-75.64618682861328,45.14979553222656,,"<p>Please contact <a href=""mailto:karscra@gmail.com"">karscra@gmail.com</a> for information on opening hours and washroom availability.</p> "
65,https://ottawa.ca/en/recreation-and-parks/facilities/place-listing/katimavik-pool,2025-09-21T00:05:42Z,Katimavik Pool,,"64 Chimo Drive, Ottawa ON K2L 1Y9, Canada",-75.88996887207031,45.31002426147461,,<p><strong>Closed for the season. </strong></p> 
66,https://ottawa.ca/en/recreation-and-parks/facilities/place-listing/ken-ross-park-field-house,2025-09-21T00:05:44Z,Ken Ross Park Field House,"The Ken Ross Field House is located at the back of the parking lot. It offers change rooms, washrooms, a kitchenette and a small hall. Recreation programs are offered at this location. It is also available for private rentals. The Field House is surrounded by sports fields, a splash pad and a children's play structure.","700 Longfields Drive, Ottawa ON K2J 5C2, Canada",-75.73947143554688,45.28156280517578,,"<p>Please contact <a href=""mailto:rideauview@ottawa.ca"">rideauview@ottawa.ca</a> for opening hours and washroom availability.</p> "
67,https://ottawa.ca/en/recreation-and-parks/facilities/place-listing/kenmore-community-centre,2025-09-21T00:05:45Z,Kenmore Community Centre,,"3242 York's Corners Road , Ottawa ON K0A 2P0, Canada",-75.41546630859375,45.2291145324707,,"<p>Please contact <a href=""mailto:osgooderideaurecreation@ottawa.ca"">osgooderideaurecreation@ottawa.ca</a> for opening hours and washroom availability.</p> "
68,https://ottawa.ca/en/recreation-and-parks/facilities/place-listing/lansdowne-park,2025-09-21T00:05:47Z,Lansdowne Park,"Lansdowne has something for everyone. The Aberdeen Pavilion and Horticulture Building are home to a variety of events and activities. Other features include the civic garden, water plaza, children’s play area, skate park and skating court. Visitors are welcome to use the park daily from 5 am to 11 pm.","1525 Princess Patricia, Ottawa ON K1S 5J3, Canada",-75.68236541748047,45.400779724121094,,"<ul> <li><strong>Thursday, September 4 to Friday, September 19</strong> <ul> <li>The Great Lawn and basketball court are closed.</li> </ul> </li> </ul> "
69,https://ottawa.ca/en/recreation-and-parks/facilities/place-listing/larkin-house-community-centre,2025-09-21T00:05:51Z,Larkin House Community Centre,The Larkin House Community Building offers City recreation programs and is available for private rentals.,"76 Larkin Drive, Ottawa ON K2J 1A9, Canada",-75.76222229003906,45.282222747802734,,<p>Please contact the facility by email for information on opening hours and washroom availability.</p> 
70,https://ottawa.ca/en/recreation-and-parks/facilities/place-listing/lindenlea-community-centre,2025-09-21T00:05:53Z,Lindenlea Community Centre,,"15 Rockcliffe Way, Ottawa ON K1M 1A9, Canada",-75.67487335205078,45.44454574584961,,<p>Please contact the facility by phone for information on opening hours and washroom availability.</p> 
71,https://ottawa.ca/en/recreation-and-parks/facilities/place-listing/lois-kemp-arena-blackburn,2025-09-21T00:05:54Z,Lois Kemp Arena (Blackburn),,"200 Glen Park Drive, Ottawa ON K1B 5A3, Canada",-75.56312561035156,45.430335998535156,,
72,https://ottawa.ca/en/recreation-and-parks/facilities/place-listing/lowertown-community-centre-and-pool,2025-09-21T00:05:55Z,Lowertown Community Centre and Pool,"This facility is conveniently located in a downtown location with ample free parking for clients. Lowertown Pool has five-lanes typically set-up with two average lanes and two wider lanes. It also has a sauna and clean, spacious change rooms. During leisure and family swims, clients can also use the Tarzan rope and diving board.","40 Cobourg Street, Ottawa ON K1N 8Z6, Canada",-75.6812515258789,45.4346809387207,,
73,https://ottawa.ca/en/recreation-and-parks/facilities/place-listing/manor-park-community-centre,2025-09-21T00:05:59Z,Manor Park Community Centre,,"100 Thornwood Road, Ottawa ON k1k3c9, Canada",-75.6565170288086,45.45079803466797,,<p>Please contact the facility by phone for information on opening hours and washroom availability.</p> 
74,https://ottawa.ca/en/recreation-and-parks/facilities/place-listing/manotick-community-centre-and-mike-oneil-arena,2025-09-21T00:05:59Z,Manotick Community Centre and Mike O'Neil Arena,,"5572 Doctor Leach Drive, Ottawa ON K4M 1L7, Canada",-75.68804931640625,45.22177505493164,,
75,https://ottawa.ca/en/recreation-and-parks/facilities/place-listing/margaret-rywak-community-building,2025-09-21T00:06:02Z,Margaret Rywak Community Building,The Margaret Rywak Community Building offers City recreation programs and is available for private rentals. It is located beside a basketball court.,"68 Knoxdale Road, Ottawa ON K2J 7J4, Canada",-75.76110076904297,45.33015060424805,,<p>Please contact the facility by email for information on opening hours and washroom availability.</p> 
76,https://ottawa.ca/en/recreation-and-parks/facilities/place-listing/mcnabb-arena-and-community-centre,2025-09-21T00:06:06Z,McNabb Arena and Community Centre,"This multipurpose facility offers a wide variety of programs and amenities including an arena, gymnasium, meeting rooms, dance studio and pottery studio. Located in downtown Ottawa, McNabb Community Centre is located next to lovely McNabb Park where seasonal activities include a playground, wading pool, outdoor skateboard park (indoor skateboard park is permanently closed) and an outdoor skating rink.","180 Percy Street, Ottawa ON K1R 6E5, Canada",-75.70286560058594,45.408973693847656,,
77,https://ottawa.ca/en/recreation-and-parks/facilities/place-listing/meridian-theatres-centrepointe,2025-09-21T00:06:08Z,Meridian Theatres at Centrepointe,,"101 Centrepointe Dr, Ottawa ON K2G 0B5, Canada",-75.76254272460938,45.34445571899414,,
78,https://ottawa.ca/en/recreation-and-parks/facilities/place-listing/metcalfe-community-centre-and-larry-robinson-arena,2025-09-21T00:06:10Z,Metcalfe Community Centre and Larry Robinson Arena,,"2785 8th Line, Ottawa ON K0A 2P0, Canada",-75.46784210205078,45.226318359375,,
79,https://ottawa.ca/en/recreation-and-parks/facilities/place-listing/michele-heights-community-centre,2025-09-21T00:06:13Z,Michele Heights Community Centre,Michele Heights Community Centre's amenities include a divisible gymnasium with adjacent kitchen and a meeting room. With partner agencies we host a variety of programs aimed at improving the health of the community.,"2955 Michele Drive, Ottawa ON K2B 8G3, Canada",-75.80148315429688,45.35529708862305,,
80,https://ottawa.ca/en/recreation-and-parks/facilities/place-listing/minto-recreation-complex-barrhaven,2025-09-21T00:06:13Z,Minto Recreation Complex - Barrhaven,"The Minto Recreation Complex - Barrhaven was recently listed by Chatelaine Magazine as one of the top 10 best indoor pools in Canada! Read the Best Indoor Pools in Canada article. The Minto Recreation Complex - Barrhaven includes a six lane, 25 metre lap pool with three metre and one metre diving boards, and an access ramp (Pool Rentals, please contact mrcb@ottawa.ca). Two NHL sized ice rinks (one rink is accessible), with accessible change rooms (please contact City Wide Allocations sports@ottawa.ca for ice rentals). Outside find an artificial turf sports field designed to meet CFL and FIFA design standards (please contact City Wide Allocations sports@ottawa.ca for field rentals). Artwork suspended from the ceiling named Mr. Kurokawa. Minto, an active sponsor of community initiatives, is proud to be associated with the City of Ottawa's Community Champions Program.","3500 Cambrian Road, Ottawa ON K2J 0V1, Canada",-75.73475646972656,45.253265380859375,,"<ul> <li><strong>Monday, September 29</strong> <ul> <li>gymnasium closed, 8 am to 5 pm</li> </ul> </li> </ul> "
81,https://ottawa.ca/en/recreation-and-parks/facilities/place-listing/navan-memorial-centre,2025-09-21T00:06:15Z,Navan Memorial Centre,,"1295 Colonial Road, Ottawa ON K4B 1N1, Canada",-75.42138671875,45.42121887207031,,
82,https://ottawa.ca/en/recreation-and-parks/facilities/place-listing/nepean-creative-arts-centre,2025-09-21T00:06:19Z,Nepean Creative Arts Centre,"A truly unique space to pursue your talents and artistic aspirations. Rent a studio The Nepean Creative Arts Centre's arts-specific studios are available for rent, including: Specialized studios equipped for visual and performing arts. Dance studios with sprung floors, barres and floor-to-ceiling mirrors. Soundproofed music studios, Black box theatre, Recital hall, Set construction workshop, Meeting rooms. Room rental form","35 Stafford Road, Bells Corners, Ottawa ON K2H 8V8, Canada",-75.822021484375,45.32856369018555,,
83,https://ottawa.ca/en/recreation-and-parks/facilities/place-listing/nepean-museum,2025-09-21T00:06:20Z,Nepean Museum,,"16 Rowley Avenue, Ottawa ON K2G 1L9, Canada",-75.74195861816406,45.348934173583984,,
84,https://ottawa.ca/en/recreation-and-parks/facilities/place-listing/nepean-seniors-centre,2025-09-21T00:06:23Z,Nepean Seniors Centre,,"1701 Woodroffe Avenue,, Entrance 3, Ottawa ON K2G 1W2, Canada",-75.74287414550781,45.32691192626953,"<h4>Nepean Seniors annual general meeting and Open House</h4> <p><strong>Tuesday, September 23, 1 to 3 pm </strong></p> <ul> <li>Meet volunteers</li> <li>Enjoy refreshments</li> <li>Explore activities</li> </ul> <p>Entrance #3 (Back parking lot) – Halls A and B </p> ",
85,https://ottawa.ca/en/recreation-and-parks/facilities/place-listing/nepean-sportsplex,2025-09-21T00:06:23Z,Nepean Sportsplex,"The Nepean Sportsplex hosts 30-plus regional, provincial, national and international sporting events as well as 35 special events per year. Our facility serves over 1.5 million clients annually, who enjoy any of the following amenities: An impressive aquatic centre with a 50 metre Olympic pool with diving towers and springboards, a 25-metre family pool, a children’s wading pool and a therapeutic whirlpool. The centre also features three North American size rinks: The Yzerman and the Allen J. MacDonald arenas, and a 10-sheet curling centre. A 3,000 sq. feet weight room and fitness centre including four squash courts, a studio and gymnasium as well as a large outdoor Sports field area featuring two baseball diamonds, a soccer field, the Minto sports field turf, a lawn bowling turf and pavilion as well as outdoor fitness trails. With 18 meeting and banquet rooms ranging from 468 to 8,640 sq. ft. and available space of 62,000 sq. ft. for conventions, the Nepean Sportsplex has become known as a top-notch location to hold tradeshows and special events including the annual Christmas craft show. Our Seniors Centre offers activities for retired adults 50+, while the Visual Arts Centre provides all levels of visual arts programs. General interest programs complete the options available.","1701 Woodroffe Avenue, Ottawa ON K2G 1W2, Canada",-75.74287414550781,45.32691192626953,,
86,https://ottawa.ca/en/recreation-and-parks/facilities/place-listing/nepean-visual-arts-centre,2025-09-21T00:06:27Z,Nepean Visual Arts Centre,,"1701 Woodroffe Avenue, Entrance 3, Ottawa ON K2G 1W2, Canada",-75.74287414550781,45.32691192626953,,
87,https://ottawa.ca/en/recreation-and-parks/facilities/place-listing/old-town-hall-community-centre,2025-09-21T00:06:28Z,Old Town Hall Community Centre,"This beautiful two story heritage building is located near the canal and the University of Ottawa and offers a full range of programs in cooperation with our community partner, the Community Activities Group (CAG). The building has a small and medium sized room both with wood sprung floors, perfect for meetings and small functions. Parking is on street. Accessibility is limited.","61 Main Street, Ottawa ON K1S 1B3, Canada",-75.67987060546875,45.412986755371094,,<p>Please contact the facility by phone or email for information on opening hours and washroom availability.</p> 
88,https://ottawa.ca/en/recreation-and-parks/facilities/place-listing/osgoode-community-centre-and-stuart-holmes-arena,2025-09-21T00:06:30Z,Osgoode Community Centre and Stuart Holmes Arena,,"5660 Osgoode Main Street, Ottawa ON K0A 2W0, Canada",-75.60189819335938,45.14778518676758,,
89,https://ottawa.ca/en/recreation-and-parks/facilities/place-listing/ottawa-south-community-centre,2025-09-21T00:06:33Z,Ottawa South Community Centre,"The Ottawa South Community Centre is nestled in the heart of Old Ottawa South. The centre offers a wide variety of recreation programs in partnership with the Ottawa South Community Association. Please visit the Old Ottawa South Community Association website to view their programs. A variety of rooms at Ottawa South Community Centre can be rented through the City of Ottawa. Whether it is a meeting, children’s birthday party or a small wedding we can help with your rental needs.","260 Sunnyside Avenue, Ottawa ON K1S 0R7, Canada",-75.68179321289062,45.39466857910156,,<p>Please contact the facility by phone or email for information on opening hours and washroom availability.</p> 
90,https://ottawa.ca/en/recreation-and-parks/facilities/place-listing/overbrook-community-centre,2025-09-21T00:06:35Z,Overbrook Community Centre,"Newly renovated, this “Green” community facility is located just off the Queensway. The updated building boasts many environmental design features to create a healthier indoor environment for all our users. Our full size, sprung, hardwood floor gymnasium and dance studio allow us to offer a wide selection of specialized fitness programs. Our state of the art media rooms are home to a variety of activities and courses. Looking for a new venue for your next office event or community meeting? Check out the new Overbrook Community Centre!","33 Quill Street, Ottawa ON K1K 4E7, Canada",-75.65618896484375,45.4254035949707,,
91,https://ottawa.ca/en/recreation-and-parks/facilities/place-listing/pat-clark-community-centre,2025-09-21T00:06:36Z,Pat Clark Community Centre,"Whether you and your family are looking for dance lessons, enhance your musical ability, need after school programming or looking to get back into shape, the Pat Clark Community Centre (previously Cyrville Community Centre) is the perfect place for you and your family for all of your recreational needs.","4355 Halmont Drive, Ottawa ON K1J 8W6, Canada",-75.62007141113281,45.42853927612305,,
92,https://ottawa.ca/en/recreation-and-parks/facilities/place-listing/pinecrest-recreation-complex,2025-09-21T00:06:37Z,Pinecrest Recreation Complex,"This multipurpose facility provides users with a wide selection of services and amenities including a five lane pool with sauna, the Barbara Anne Scott Arena, weight and cardio rooms, meeting rooms and a hall.","2250 Torquay Avenue, Ottawa ON K2C 1J3, Canada",-75.7740249633789,45.34782028198242,,"<ul> <li><strong>Friday, September 26</strong> <ul> <li>Due to a planned power outage, the facility will have modified facility hours and scheduling. Hours are subject to change without notice.</li> <li><strong>Facility hours, </strong>10 am to 9 pm</li> <li><strong>Weight and cardio room, </strong>10 am to 9 pm</li> <li><strong>All group fitness, aqua fitness and swimming, </strong>cancelled until 4 pm</li> </ul> </li> </ul> "
93,https://ottawa.ca/en/recreation-and-parks/facilities/place-listing/pinheys-point-historic-site-0,2025-09-21T00:06:42Z,Pinhey's Point Historic Site,,"270 Pinhey's Point Road, Dunrobin ON K0A 1T0, Canada",-75.9582290649414,45.43608474731445,,"<p>The museum at Pinhey’s Point Historic Site is open to visitors seasonally from May to October. The park is open year-round.</p> <p><strong>Summer season</strong><br/> May 11 – August 31, 2025<br/> Wednesday to Sunday from 10 am to 5 pm</p> <p><strong>Fall season</strong><br/> September 6 – October 12, 2025<br/> Saturday and Sunday from 10 am to 5 pm</p> "
94,https://ottawa.ca/en/recreation-and-parks/facilities/place-listing/plant-recreation-centre,2025-09-21T00:06:43Z,Plant Recreation Centre,"Formerly known as the Plant Bath, this historic building located in the heart of Centretown West, underwent extensive renovations and re-opened in 2004.","930 Somerset Street West, Ottawa ON K1R 6R9, Canada",-75.71444702148438,45.407413482666016,,
95,https://ottawa.ca/en/recreation-and-parks/facilities/place-listing/rj-kennedy-community-centre-and-arena,2025-09-21T00:06:44Z,R.J. Kennedy Community Centre and Arena,,"1115 Dunning Road, Ottawa ON K4C 1P6, Canada",-75.40296936035156,45.51454162597656,,
96,https://ottawa.ca/en/recreation-and-parks/facilities/place-listing/ray-friel-recreation-complex,2025-09-21T00:06:46Z,Ray Friel Recreation Complex,"The Ray Friel Recreation Complex is the largest and most comprehensive recreation complex in east Ottawa featuring three National Hockey League size arenas including the Ron Racette Arena. With 12 full dressing rooms and separate referee and alternate dressing rooms, there is plenty of room for even the biggest team or tournament. As well as a fitness centre with over 20,000 square feet of state-of-the-art training equipment, wave pool, whirlpool, sauna, physiotherapy clinic, pro shop, restaurant and coffee shop.","1585 Tenth Line Road, Ottawa ON K1E 3E8, Canada",-75.49392700195312,45.471221923828125,,"<ul> <li><strong>September 22 to November 3</strong> <ul> <li>The pool, sauna and hot tub are closed.</li> </ul> </li> <li><strong>September 22 to September 28</strong> <ul> <li>The weight and cardio room is closed.</li> <li>All group fitness classes are cancelled.</li> </ul> </li> </ul> "
97,https://ottawa.ca/en/recreation-and-parks/facilities/place-listing/richcraft-recreation-complex-kanata,2025-09-21T00:06:48Z,Richcraft Recreation Complex-Kanata,"Located in Kanata North, near the Terry Fox Drive and March Road Intersection, the Richcraft Recreation Complex-Kanata is Leadership in Energy and Environmental Design certified energy efficient, high quality recreation/aquatic/fitness facility and community centre.​ The complex is an access point to the Trillium Woods. The City of Ottawa, in partnership with the Ottawa Mountain Bike Association offers a 15 kilometre multi-use trail network for hiking and mountain biking, allowing visitors to the woods to experience the beauty of this natural area.","4101 Innovation Drive, Ottawa ON K2K 0J3, Canada",-75.92948150634766,45.340152740478516,,<ul> <li><strong>S</strong><strong>eptember 8 to 21</strong> <ul> <li>The <strong>pool</strong> is closed for annual maintenance.</li> </ul> </li> </ul> 
98,https://ottawa.ca/en/recreation-and-parks/facilities/place-listing/richelieu-vanier-community-centre,2025-09-21T00:06:51Z,Richelieu Vanier Community Centre,"The Richelieu-Vanier Community Centre is located at 300 des Pères-Blancs Avenue on 10 acres of beautiful parkland setting. The site offers a variety of services including recreation, cultural and community programming, meeting room and reception hall rentals, a pétanque and crocket courts and soccer field, the Muséoparc Vanier, the Action-Vanier Sugar Shack as well as the Vanier Branch of the Ottawa Public Library.","300 Des Pères-Blancs Avenue, Ottawa ON K1L 7L5, Canada",-75.66120910644531,45.4432373046875,,
99,https://ottawa.ca/en/recreation-and-parks/facilities/place-listing/richmond-memorial-community-centre,2025-09-21T00:06:52Z,Richmond Memorial Community Centre,,"6095 Perth Street, Ottawa ON K0A 2Z0, Canada",-75.8377914428711,45.195701599121094,,
100,https://ottawa.ca/en/recreation-and-parks/facilities/place-listing/rideauview-community-centre,2025-09-21T00:06:56Z,Rideauview Community Centre,"The Rideauview Community Centre is a small centre in the Riverside South Community. It has a small gymnasium, which is ideal for children's birthday parties and an addition perfect for small receptions. We offer a wide variety of recreation programs for all ages, stages and interests. We also run programs out of Chapman Mills Community Building, Claudette Cain Park, and Berrigan Park.","4310 Shoreline Drive, Ottawa ON K1V 1N4, Canada",-75.68711853027344,45.27748107910156,,
101,https://ottawa.ca/en/recreation-and-parks/facilities/place-listing/rockcliffe-park-community-centre,2025-09-21T00:06:59Z,Rockcliffe Park Community Centre,,"380 Springfield Road, Ottawa ON K1M 0K7, Canada",-75.678466796875,45.45075988769531,,<p>Please contact the facility by phone for information on opening hours and washroom availability.</p> 
102,https://ottawa.ca/en/recreation-and-parks/facilities/place-listing/ron-kolbus-lakeside-centre,2025-09-21T00:07:01Z,Ron Kolbus Lakeside Centre,"Formerly Lakeside Gardens, the Ron Kolbus Lakeside Centre is situated in west Ottawa's historic Britannia Park, which provides a beautiful backdrop for your picture-perfect event. Located on 62 acres of picturesque parkland, the Ron Kolbus Lakeside Centre has a 300-person capacity banquet hall, liquor-licensable patios, and small meeting rooms.","102 Greenview Avenue, Ottawa ON K2B 8J8, Canada",-75.8003921508789,45.36497116088867,,
103,https://ottawa.ca/en/recreation-and-parks/facilities/place-listing/routhier-community-centre,2025-09-21T00:07:03Z,Routhier Community Centre,"Located in the heart of the Byward Market, this fully accessible, air conditioned facility provides users with a wide selection of services and amenities including a fitness studio, a sprung floor dance studio, a full size Gymnasium and comfortable meeting/activity rooms. The Routhier Community Centre is the best kept secret of the Byward Market Area.","172 Guigues Avenue, Ottawa ON K1N 5H9, Canada",-75.69149017333984,45.43205642700195,,
104,https://ottawa.ca/en/recreation-and-parks/facilities/place-listing/sandy-hill-arena,2025-09-21T00:07:05Z,Sandy Hill Arena,,"60 Mann Avenue, Ottawa ON K1N 6Y5, Canada",-75.6741714477539,45.41950607299805,,
105,https://ottawa.ca/en/recreation-and-parks/facilities/place-listing/sandy-hill-community-centre,2025-09-21T00:07:07Z,Sandy Hill Community Centre,"This busy facility offers a wide range of recreational programs in both official languages. Within this fully accessible building you will find various meeting rooms, a main hall (banquet capacity 140), boardroom, patio area, three public access computers and much more. In the adjoining award winning park you will find multiple play structures, green space, a wading pool, a ping pong table and a seasonal outdoor rink.","250 Somerset Street East, Ottawa ON K1N 6V6, Canada",-75.67719268798828,45.422264099121094,,
106,https://ottawa.ca/en/recreation-and-parks/facilities/place-listing/sawmill-creek-community-centre-and-pool,2025-09-21T00:07:09Z,Sawmill Creek Community Centre and Pool,,"3380 D'Aoust Avenue, Ottawa ON K1T 1R5, Canada",-75.63629913330078,45.349491119384766,,
107,https://ottawa.ca/en/recreation-and-parks/facilities/place-listing/shenkman-arts-centre,2025-09-21T00:07:11Z,Shenkman Arts Centre,,"245 Centrum Blvd, Ottawa ON K1E 0A1, Canada",-75.51131439208984,45.480709075927734,,
108,https://ottawa.ca/en/recreation-and-parks/facilities/place-listing/south-fallingbrook-community-centre,2025-09-21T00:07:13Z,South Fallingbrook Community Centre,"The South Fallingbrook Community Centre offers programs for all ages throughout the year. Fitness, sports, dance, After School, PD days, and a wide variety of preschool programs are available during the day, evenings and weekends. Our facility is outfitted with a gymnasium, year-round boarded rink area, three tennis/pickleball courts and soccer fields. Our facility has rooms and a gymnasium for meetings, parties or sporting events. We also partner with local community associations to offer programming and rental services right in your own backyard. Join us at your local community building or school for a variety of dynamic programs and services.","998 Valin Street, Ottawa ON K4A 4B5, Canada",-75.46179962158203,45.470550537109375,,
109,https://ottawa.ca/en/recreation-and-parks/facilities/place-listing/southpointe-community-building,2025-09-21T00:07:15Z,Southpointe Community Building,"Southpointe Community building offers City recreation programs, summer camps and is available for private rentals. It is located beside a children's play structure and splash pad.","220 Stoneway Drive, Ottawa ON K2G 6R2, Canada",-75.71604919433594,45.28797149658203,,"<p>Please contact <a href=""mailto:rideauview@ottawa.ca"">rideauview@ottawa.ca</a> for opening hours and washroom availability.</p> "
110,https://ottawa.ca/en/recreation-and-parks/facilities/place-listing/splash-wave-pool,2025-09-21T00:07:16Z,Splash Wave Pool,"The name says it all! Splash is one of three wave pools located in Ottawa. Wave pools provide the perfect destination for visitors to our city including bus tours and group outings. Residents can also enjoy the ""surf"" or take a leisurely swim when the waves are off. There is also a kiddie pool with spray fountains and whirlpool. The facility also boasts a brand new 25 metre lap pool with an accessible ramp and a new 32 metre waterslide!","2040 Ogilvie Road, Ottawa ON K1J 7N8, Canada",-75.600341796875,45.437625885009766,,"<ul> <li><strong>Saturday, August 30 to Sunday, September 28</strong> <ul> <li>The facility is closed.</li> </ul> </li> </ul> "
111,https://ottawa.ca/en/recreation-and-parks/facilities/place-listing/st-laurent-complex,2025-09-21T00:07:18Z,St. Laurent Complex,,"525 Côté Street, Ottawa ON K1K0Z8, Canada",-75.64031982421875,45.41815185546875,,<ul> <li><strong>June 2 to December 31</strong> <ul> <li>The pool and change rooms are closed.</li> </ul> </li> </ul> 
112,https://ottawa.ca/en/recreation-and-parks/facilities/place-listing/tanglewood-community-centre,2025-09-21T00:07:21Z,Tanglewood Community Centre,"The Tanglewood Community Centre offers City recreation programs, summer camps and is available for private rentals.","30 Woodfield Drive, Ottawa ON K2G 3Y5, Canada",-75.73037719726562,45.336612701416016,,<p>Please contact the facility by email for information on opening hours and washroom availability.</p> 
113,https://ottawa.ca/en/recreation-and-parks/facilities/place-listing/terry-fox-athletic-facility,2025-09-21T00:07:22Z,Terry Fox Athletic Facility,"Track and field complex This outdoor sports facility features an extensive outdoor track and field complex featuring a lighted, international standard 400-metre polyurethane-surfaced eight-lane running track, along with multiple throwing and jumping event areas. These include high jump, long jump, javelin, shot put, hammer & discuss. Sports fields The facility has three lit, premium-classed, grass sports fields, which can be used for a variety of activities such as soccer, lacrosse, ultimate Frisbee and special events. Mooney's Bay Ski Centre During the winter, the facility turns into a cross-country ski centre - Mooney's Bay Ski Centre - featuring five-kilometres of track-set lit trails, for classic and skate-skiing, and includes a ski school for all ages and abilities.","2960 Riverside Drive, Ottawa ON K1V 8N4, Canada",-75.69202423095703,45.36833572387695,,<p>The facility is not available 9 am to 3 pm on the following dates:</p> <ul> <li><strong>September 26 and 27</strong></li> <li><strong>October 6 to 10</strong></li> <li><strong>October 15 and 16</strong></li> <li><strong>October 21 to 23</strong></li> </ul> 
114,https://ottawa.ca/en/recreation-and-parks/facilities/place-listing/tom-brown-arena,2025-09-21T00:07:25Z,Tom Brown Arena,,"141 Bayview Station Road, Ottawa ON K1Y 4M3, Canada",-75.7223892211914,45.40810012817383,,
115,https://ottawa.ca/en/recreation-and-parks/facilities/place-listing/tony-graham-recreation-complex-kanata,2025-09-21T00:07:27Z,Tony Graham Recreation Complex - Kanata,"Tony Graham Recreation Complex – Kanata offers a wide selection of recreation programs for all ages including children's summer camps, preschool programs and fitness classes. The complex includes recreation program space and two full-size arenas (Tom Flood Arena and Garry Burke Rink) with spectator seating. Ideal to rent for meetings, gatherings or social events. The Tony Graham Recreation Complex – Kanata is located in Walter Baker Park surrounded by various sports fields, park, a splash pad and toboggan hill.","100 Charlie Rogers Place, Ottawa ON K2V 1A2, Canada",-75.90166473388672,45.294273376464844,,
116,https://ottawa.ca/en/recreation-and-parks/facilities/place-listing/vernon-recreation-centre,2025-09-21T00:07:29Z,Vernon Recreation Centre,,"7950 Lawrence Street, Vernon ON K0A 3J0, Canada",-75.4539566040039,45.162818908691406,,
117,https://ottawa.ca/en/recreation-and-parks/facilities/place-listing/w-erskine-johnston-arena,2025-09-21T00:07:31Z,W. Erskine Johnston Arena,,"3832 Carp Road, Ottawa ON K0A 1L0, Canada",-76.04047393798828,45.348419189453125,,
118,https://ottawa.ca/en/recreation-and-parks/facilities/place-listing/walter-baker-sports-centre,2025-09-21T00:07:32Z,Walter Baker Sports Centre,"Walter Baker Sports Centre in Barrhaven includes a fitness centre with treadmills, bikes, ellipticals, rowing machines, stair climber, cable machines, free weights and independent sound system and televisions. Our pool is a 8-lane 25m pool; diving tank with two 1m and 3m diving boards; warm teaching pool with ramp access and preschool pool. Two full-sized ice rinks (Arena A and B) with spectator seating.","100 Malvern Drive, Ottawa ON K2J 2G5, Canada",-75.7632064819336,45.28044891357422,,
119,https://ottawa.ca/en/recreation-and-parks/facilities/place-listing/westcliffe-community-building,2025-09-21T00:07:35Z,Westcliffe Community Building,"The Westcliffe Community Building offers City recreation programs, summer camps and is available for private rentals. It is located in front of a park and there is a small splash on the right-hand side of the building.","681 Seyton Drive, Ottawa ON K2H 1A4, Canada",-75.83451843261719,45.31578063964844,,<p>Please contact the facility by email for information on opening hours and washroom availability.</p> 
